sample_id	input_type	path	donor_id	condition	tissue	n_cells
LUNG_N01	matrix	resources/kim/LUNG_N01.h5ad	LUNG_N01	normal	nLung	3194
LUNG_N06	matrix	resources/kim/LUNG_N06.h5ad	LUNG_N06	normal	nLung	2839
LUNG_N08	matrix	resources/kim/LUNG_N08.h5ad	LUNG_N08	normal	nLung	3380
LUNG_N09	matrix	resources/kim/LUNG_N09.h5ad	LUNG_N09	normal	nLung	2528
LUNG_N18	matrix	resources/kim/LUNG_N18.h5ad	LUNG_N18	normal	nLung	4628
LUNG_N19	matrix	resources/kim/LUNG_N19.h5ad	LUNG_N19	normal	nLung	3870
LUNG_N20	matrix	resources/kim/LUNG_N20.h5ad	LUNG_N20	normal	nLung	5798
LUNG_N28	matrix	resources/kim/LUNG_N28.h5ad	LUNG_N28	normal	nLung	3411
LUNG_N30	matrix	resources/kim/LUNG_N30.h5ad	LUNG_N30	normal	nLung	3884
LUNG_N31	matrix	resources/kim/LUNG_N31.h5ad	LUNG_N31	normal	nLung	4241
LUNG_N34	matrix	resources/kim/LUNG_N34.h5ad	LUNG_N34	normal	nLung	5222
LUNG_T06	matrix	resources/kim/LUNG_T06.h5ad	LUNG_T06	tumor	tLung	3426
LUNG_T08	matrix	resources/kim/LUNG_T08.h5ad	LUNG_T08	tumor	tLung	3765
LUNG_T09	matrix	resources/kim/LUNG_T09.h5ad	LUNG_T09	tumor	tLung	3840
LUNG_T18	matrix	resources/kim/LUNG_T18.h5ad	LUNG_T18	tumor	tLung	3705
LUNG_T19	matrix	resources/kim/LUNG_T19.h5ad	LUNG_T19	tumor	tLung	4361
LUNG_T20	matrix	resources/kim/LUNG_T20.h5ad	LUNG_T20	tumor	tLung	4021
LUNG_T25	matrix	resources/kim/LUNG_T25.h5ad	LUNG_T25	tumor	tLung	4374
LUNG_T28	matrix	resources/kim/LUNG_T28.h5ad	LUNG_T28	tumor	tLung	4705
LUNG_T30	matrix	resources/kim/LUNG_T30.h5ad	LUNG_T30	tumor	tLung	4094
LUNG_T31	matrix	resources/kim/LUNG_T31.h5ad	LUNG_T31	tumor	tLung	5578
LUNG_T34	matrix	resources/kim/LUNG_T34.h5ad	LUNG_T34	tumor	tLung	3280
