sample_id	input_type	path	donor_id	condition	stage	driver_gene	n_cells
LT_S03	matrix	resources/maynard/LT_S03.h5ad	TH156	PD	PD	ALK	233
LT_S07	matrix	resources/maynard/LT_S07.h5ad	TH103	PD	PD	ALK	142
LT_S08	matrix	resources/maynard/LT_S08.h5ad	TH103	PD	PD	ALK	67
LT_S14	matrix	resources/maynard/LT_S14.h5ad	TH153	PD	PD	EGFR	291
LT_S16	matrix	resources/maynard/LT_S16.h5ad	TH146	PD	PD	ROS1	164
LT_S21	matrix	resources/maynard/LT_S21.h5ad	TH185	PD	PD	EGFR	1796
LT_S23	matrix	resources/maynard/LT_S23.h5ad	TH185	PD	PD	EGFR	497
LT_S28	matrix	resources/maynard/LT_S28.h5ad	TH185	PD	PD	EGFR	440
LT_S47	matrix	resources/maynard/LT_S47.h5ad	TH220	PD	PD	ALK	747
LT_S48	matrix	resources/maynard/LT_S48.h5ad	TH155	PD	PD	EGFR	85
LT_S53	matrix	resources/maynard/LT_S53.h5ad	TH067	PD	PD	EGFR	563
LT_S54	matrix	resources/maynard/LT_S54.h5ad	TH222	PD	PD	ROS1	191
LT_S58	matrix	resources/maynard/LT_S58.h5ad	TH179	PD	PD	BRAF	863
LT_S63	matrix	resources/maynard/LT_S63.h5ad	TH171	PD	PD	ALK	1294
LT_S72	matrix	resources/maynard/LT_S72.h5ad	TH222	PD	PD	ROS1	1053
LT_S78	matrix	resources/maynard/LT_S78.h5ad	TH179_NAT	PD	PD	BRAF	699
LT_S79	matrix	resources/maynard/LT_S79.h5ad	TH179	PD	PD	BRAF	841
LT_S80	matrix	resources/maynard/LT_S80.h5ad	TH179	PD	PD	BRAF	1288
LT_S82	matrix	resources/maynard/LT_S82.h5ad	TH226	PD	PD	EGFR	1392
LT_S01	matrix	resources/maynard/LT_S01.h5ad	TH158	RD	RD	EGFR	44
LT_S02	matrix	resources/maynard/LT_S02.h5ad	TH157	RD	RD	ALK	27
LT_S11	matrix	resources/maynard/LT_S11.h5ad	TH169	RD	RD	EGFR	216
LT_S12	matrix	resources/maynard/LT_S12.h5ad	TH172	RD	RD	BRAF	93
LT_S13	matrix	resources/maynard/LT_S13.h5ad	TH169	RD	RD	EGFR	615
LT_S22	matrix	resources/maynard/LT_S22.h5ad	TH158	RD	RD	EGFR	67
LT_S41	matrix	resources/maynard/LT_S41.h5ad	TH210	RD	RD	ALK	63
LT_S42	matrix	resources/maynard/LT_S42.h5ad	TH158	RD	RD	EGFR	96
LT_S46	matrix	resources/maynard/LT_S46.h5ad	TH205	RD	RD	EGFR	388
LT_S55	matrix	resources/maynard/LT_S55.h5ad	TH218	RD	RD	EGFR	639
LT_S57	matrix	resources/maynard/LT_S57.h5ad	TH226	RD	RD	EGFR	1535
LT_S71	matrix	resources/maynard/LT_S71.h5ad	TH236	RD	RD	EGFR	1293
LT_S81	matrix	resources/maynard/LT_S81.h5ad	TH266	RD	RD	ALK	807
LT_S17	matrix	resources/maynard/LT_S17.h5ad	TH174	TN	TN	WT	30
LT_S24	matrix	resources/maynard/LT_S24.h5ad	TH187	TN	TN	MET	54
LT_S34	matrix	resources/maynard/LT_S34.h5ad	TH205	TN	TN	EGFR	616
LT_S43	matrix	resources/maynard/LT_S43.h5ad	TH217	TN	TN	EGFR	37
LT_S45	matrix	resources/maynard/LT_S45.h5ad	TH218	TN	TN	EGFR	135
LT_S49	matrix	resources/maynard/LT_S49.h5ad	TH223	TN	TN	EGFR	735
LT_S50	matrix	resources/maynard/LT_S50.h5ad	TH225	TN	TN	KRAS	1517
LT_S51	matrix	resources/maynard/LT_S51.h5ad	TH227	TN	TN	ALK	219
LT_S52	matrix	resources/maynard/LT_S52.h5ad	TH226	TN	TN	EGFR	272
LT_S56	matrix	resources/maynard/LT_S56.h5ad	TH231	TN	TN	ALK	695
LT_S65	matrix	resources/maynard/LT_S65.h5ad	TH238_NAT	TN	TN	BRAF	624
LT_S66	matrix	resources/maynard/LT_S66.h5ad	TH238	TN	TN	BRAF	1509
LT_S67	matrix	resources/maynard/LT_S67.h5ad	TH231	TN	TN	ALK	110
LT_S69	matrix	resources/maynard/LT_S69.h5ad	TH248	TN	TN	EGFR	742
LT_S74	matrix	resources/maynard/LT_S74.h5ad	TH248	TN	TN	EGFR	748
LT_S75	matrix	resources/maynard/LT_S75.h5ad	TH266	TN	TN	ALK	894
