cluster,gene,lfc,pval_adj
0,CD3D,4.455109,0.0
0,CD52,3.5010889,0.0
0,IL32,3.4354446,0.0
0,CD2,4.2114463,0.0
0,ARHGDIB,2.5934644,0.0
0,PTPRCAP,3.656984,0.0
0,LTB,4.079592,0.0
0,CD3E,3.8654897,0.0
0,CXCR4,3.938792,0.0
0,CD3G,4.1033006,0.0
0,IL7R,4.563945,0.0
0,SARAF,2.595308,0.0
0,IL2RG,3.2097666,0.0
0,PTPRC,2.6323774,0.0
0,RPL13A,1.5083683,0.0
0,B2M,1.2191869,0.0
0,STK17B,2.4748075,0.0
0,RPS3,1.5312538,0.0
0,CORO1A,3.0603747,0.0
0,LCK,4.312717,0.0
0,SPOCK2,3.9772782,0.0
0,RHOH,3.068744,0.0
0,BTG1,2.0717454,0.0
0,RPS6,1.4583831,0.0
0,RPL23A,1.4140067,0.0
1,KRT19,6.075864,0.0
1,TACSTD2,6.3298516,0.0
1,SPINT2,4.4753356,0.0
1,CLDN4,5.8326025,0.0
1,PERP,4.4714403,0.0
1,FXYD3,5.288452,0.0
1,KRT8,4.932331,0.0
1,MAL2,4.6265273,0.0
1,MGST1,4.4682193,0.0
1,CLDN7,4.694542,0.0
1,MPZL2,4.9486403,0.0
1,SPINT1,4.0401073,0.0
1,CDH1,4.042063,0.0
1,WFDC2,5.0864453,0.0
1,GPRC5A,5.0971284,0.0
1,EPCAM,4.7345963,0.0
1,KRT18,4.3996887,0.0
1,JUP,3.5879772,0.0
1,SERINC2,4.04017,0.0
1,ELF3,4.5288053,0.0
1,KRTCAP3,4.3789973,0.0
1,DSP,4.429376,0.0
1,LSR,3.6367722,0.0
1,CTTN,3.8735423,0.0
1,SMIM22,3.5318177,0.0
2,C1QA,6.781304,0.0
2,C1QC,6.1378145,0.0
2,C1QB,6.870245,0.0
2,CD68,4.685823,0.0
2,CD14,5.3820395,0.0
2,FCGR2A,4.41657,0.0
2,FCER1G,4.8483887,0.0
2,CTSB,4.012299,0.0
2,AIF1,4.4329967,0.0
2,FTL,3.580956,0.0
2,CSF1R,4.478444,0.0
2,TYROBP,4.691912,0.0
2,MSR1,5.2273073,0.0
2,FCGR3A,4.9926476,0.0
2,MS4A7,4.8352766,0.0
2,MS4A6A,4.724984,0.0
2,IFI30,4.930093,0.0
2,GPX1,2.9789124,0.0
2,CYBB,3.8023958,0.0
2,CD163,5.009687,0.0
2,SLCO2B1,4.9264426,0.0
2,LYZ,4.5226555,0.0
2,HLA-DRA,4.5079045,0.0
2,TREM2,6.1533537,0.0
2,LAIR1,4.124997,0.0
3,DCN,9.627454,0.0
3,COL1A2,8.628681,0.0
3,C1S,6.887631,0.0
3,COL1A1,7.674782,0.0
3,RARRES2,6.78643,0.0
3,C1R,6.7265697,0.0
3,LUM,9.380661,0.0
3,MMP2,7.2865796,0.0
3,COL3A1,8.655966,0.0
3,COL6A2,6.0547976,0.0
3,SERPING1,5.249737,0.0
3,SPARC,6.5905623,0.0
3,CALD1,5.1730194,0.0
3,FBLN1,7.625253,0.0
3,BGN,6.757203,0.0
3,MXRA8,6.4678874,0.0
3,MFAP4,8.093336,0.0
3,COL6A1,5.930503,0.0
3,COL6A3,7.6307817,0.0
3,SERPINF1,6.326931,0.0
3,AEBP1,6.484459,0.0
3,PCOLCE,6.8990583,0.0
3,FN1,5.177849,0.0
3,SLIT2,6.6321497,0.0
3,NNMT,5.479304,0.0
4,CCL5,6.710055,0.0
4,NKG7,7.079886,0.0
4,CST7,5.0005765,0.0
4,PTPRCAP,3.8881443,0.0
4,PRF1,6.451131,0.0
4,PTPRC,2.9415252,0.0
4,IL2RG,3.2745447,0.0
4,IL32,3.0846748,0.0
4,GZMA,5.4774556,0.0
4,CXCR4,3.8170612,0.0
4,HCST,2.6911077,0.0
4,CTSW,5.3604927,0.0
4,CD2,3.4193554,0.0
4,ARHGDIB,2.3434305,0.0
4,FYN,3.071494,0.0
4,RUNX3,2.9892635,0.0
4,ZFP36L2,2.4624877,0.0
4,CD52,2.7869828,0.0
4,B2M,1.2804087,0.0
4,CORO1A,3.0476613,1.1192317507472462e-306
4,CD3D,3.440407,2.317318326452525e-301
4,CD8A,5.400282,6.0586494560970775e-267
4,RAC2,2.6054614,5.635560934396119e-265
4,STK17B,2.066055,8.57205484235763e-258
4,DUSP2,2.905685,3.8151502173616384e-250
5,LYZ,6.093427,0.0
5,IFI30,4.6995716,0.0
5,AIF1,3.9305644,0.0
5,FCN1,6.265167,0.0
5,BCL2A1,4.006979,0.0
5,TYROBP,4.0753775,0.0
5,LST1,3.4812074,0.0
5,FCER1G,4.0585647,0.0
5,PLAUR,4.076172,0.0
5,ITGAX,3.574128,0.0
5,CYBB,3.6230462,0.0
5,FTH1,2.4335744,0.0
5,IL1B,5.701872,0.0
5,PLEK,3.6507149,0.0
5,SOD2,3.4321322,0.0
5,C5AR1,3.4041028,0.0
5,SRGN,2.972095,0.0
5,FGR,3.9593961,0.0
5,FCGR2A,2.9224732,0.0
5,IER3,3.2486405,0.0
5,ZEB2,2.810418,0.0
5,CTSS,2.7893283,0.0
5,FPR1,3.3046212,0.0
5,SLC11A1,3.754986,0.0
5,LILRB2,4.054735,0.0
6,NAPSA,8.201677,0.0
6,SFTPB,10.261332,0.0
6,SFTA2,5.0460963,0.0
6,SLC34A2,5.4691734,0.0
6,C16orf89,6.191611,0.0
6,CYB5A,4.0859895,0.0
6,SFTA3,5.8236585,0.0
6,SLPI,4.9505157,0.0
6,CXCL17,4.615987,0.0
6,FOLR1,4.900256,0.0
6,HOPX,4.242257,0.0
6,SELENBP1,4.769618,0.0
6,SFTPA2,9.949821,0.0
6,SFTPD,7.807917,0.0
6,NKX2-1,4.3103595,0.0
6,SDC4,3.470723,0.0
6,MUC1,4.1253324,0.0
6,SFTPA1,10.068871,0.0
6,AK1,4.088873,0.0
6,CTSH,3.4171348,0.0
6,SLC22A31,5.4570155,0.0
6,MGST1,3.7772484,0.0
6,SCGB3A1,6.307782,0.0
6,C4BPA,6.185842,0.0
6,ATP13A4,4.337777,0.0
7,MZB1,10.305519,0.0
7,SSR4,4.977915,0.0
7,FKBP11,5.8852453,0.0
7,DERL3,8.013464,0.0
7,IGLL5,9.185014,0.0
7,SEC11C,4.908317,0.0
7,HERPUD1,5.160192,0.0
7,HSP90B1,3.5675545,0.0
7,CD79A,5.4138594,0.0
7,XBP1,4.338518,0.0
7,PIM2,4.7037497,0.0
7,PRDX4,4.081622,0.0
7,JCHAIN,10.105183,0.0
7,SLAMF7,5.010748,0.0
7,FAM46C,4.3006725,0.0
7,POU2AF1,6.8166194,0.0
7,FKBP2,3.2678814,0.0
7,ITM2C,5.2184067,0.0
7,SPCS3,3.3762374,0.0
7,SPCS2,3.0379846,0.0
7,TXNDC5,6.5923033,0.0
7,CD27,4.9331183,0.0
7,FCRL5,8.297644,0.0
7,CYBA,2.4084332,0.0
7,ISG20,3.3995311,0.0
8,GNG11,6.107123,0.0
8,RAMP2,8.262604,0.0
8,EPAS1,5.077335,0.0
8,CLDN5,10.338589,0.0
8,PECAM1,4.806489,0.0
8,IGFBP4,4.80021,0.0
8,ESAM,6.6111803,0.0
8,HYAL2,5.925118,0.0
8,ENG,5.0593405,0.0
8,EGFL7,5.7186313,0.0
8,CLEC14A,10.221693,0.0
8,RAMP3,9.817551,0.0
8,CDH5,9.314741,0.0
8,A2M,4.3836417,0.0
8,VWF,9.625458,0.0
8,PCAT19,7.182576,0.0
8,CALCRL,6.7316375,0.0
8,EMCN,9.499095,0.0
8,S1PR1,3.8757489,0.0
8,LDB2,6.2129965,0.0
8,PTPRB,6.6685157,0.0
8,PTRF,3.939769,0.0
8,ECSCR,9.1357565,0.0
8,SDPR,5.5194974,0.0
8,ID3,3.7186882,0.0
9,IFITM2,5.330695,0.0
9,S100A9,5.9670563,0.0
9,CSF3R,6.9775696,0.0
9,S100A8,6.205347,0.0
9,FTH1,3.1137962,0.0
9,G0S2,6.6099973,0.0
9,NAMPT,4.400222,0.0
9,FCGR3B,9.532077,0.0
9,SRGN,3.7226458,0.0
9,FPR1,4.5897627,1.3133235638224485e-284
9,ITGAX,4.4513097,4.811558769470893e-271
9,PLAUR,3.9516404,1.4757065811073041e-249
9,RNF149,3.4083216,7.24096421811906e-247
9,CXCL8,4.52567,1.0627144550899322e-245
9,AQP9,4.9883723,1.2095302148345513e-243
9,ADGRG3,8.610364,1.7309017770395839e-224
9,CXCR2,8.098108,8.70373665961831e-224
9,MXD1,4.145515,9.470799383493032e-219
9,C5AR1,3.961557,1.5058224427895687e-218
9,BASP1,3.9428957,5.445159155741605e-215
9,SOD2,3.1385324,1.788276382439411e-209
9,MNDA,3.7377155,4.0102667936650177e-187
9,SLC25A37,4.028896,1.990059222095644e-185
9,KDM6B,3.2877336,2.6596847556580826e-185
9,BCL2A1,3.1430306,1.5460441361225125e-181
10,RPS18,0.82189745,1.258121684358446e-41
10,RPS19,0.7903795,7.596602479798743e-31
10,CEACAM6,2.1300514,2.706504642045014e-24
10,RPLP2,0.82706195,2.88999118705685e-23
10,RPL13,0.52720594,3.88673708111458e-23
10,RNA18S5,1.2611395,6.568931092964219e-23
10,WFDC2,1.4908239,9.180443019857627e-20
10,RPLP1,0.4711721,3.142907878292087e-19
10,MGST1,1.5505323,1.2537607327169561e-18
10,RPL8,0.34932244,2.949022425561234e-17
10,RPL36,0.7023678,1.0477710826848382e-16
10,NAPSA,2.2405636,1.2712848453463656e-16
10,RPS27,0.8174764,2.3280432860466556e-16
10,KRT8,1.3528639,2.7674069589128573e-16
10,KRT7,1.4929484,4.101310078595864e-16
10,EPCAM,1.5349112,8.532876081772234e-16
10,KRT19,1.2947322,2.232059657895249e-15
10,RPS14,0.49294755,4.816872634120731e-15
10,MDK,1.7884873,5.022171122277644e-15
10,PPIA,0.48435625,2.099751976135996e-14
10,FXYD3,1.4257088,6.722950631017248e-14
10,RPL35,0.68630064,1.8652839872652942e-13
10,SMIM22,1.5429969,3.0956568059407076e-13
10,RPL30,0.6271062,5.706961929075476e-13
10,MTRNR2L2,1.7467736,1.0811475281011309e-12
11,HLA-DPB1,4.4773955,0.0
11,CD74,4.2199593,0.0
11,HLA-DPA1,4.67908,0.0
11,HLA-DRA,5.0759544,0.0
11,HLA-DRB1,4.4562473,1.1034939704453874e-298
11,HLA-DQA1,4.5391154,2.2665307116484092e-287
11,HLA-DRB5,4.173786,1.0255574433687456e-267
11,HLA-DQB1,4.147777,1.2337546464284558e-261
11,NAPSB,5.048719,5.836737280445821e-253
11,CSF2RA,4.151546,6.835733554041493e-247
11,CD83,4.0804133,3.4067966266205557e-236
11,CD86,3.9543114,3.226426153749344e-232
11,COTL1,3.1322644,1.4718795521544837e-214
11,GSN,3.2740526,1.3378024520041411e-213
11,LSP1,3.197981,1.6290390206490612e-204
11,GPR183,3.8126788,3.891297229661528e-192
11,LCP1,2.8635042,6.027022061193531e-190
11,IFI30,3.6983,7.430879174327859e-187
11,CIITA,3.6652367,5.260073574680579e-186
11,HLA-DMA,2.8753624,7.385813402507642e-185
11,HCK,3.259851,1.5676319999173466e-183
11,HLA-DMB,3.3060145,1.0343475893968034e-182
11,HLA-DRB6,2.4794712,6.209445112025275e-180
11,HLA-DQB2,4.430298,8.770341680976694e-179
11,ACTB,1.7276886,3.214496589644226e-178
12,BCL11A,5.323997,3.5208763410517165e-215
12,CD74,3.3875487,4.154608641208553e-209
12,CXCR4,4.068033,3.718232704115427e-180
12,NAPSB,4.706776,1.0516819092979576e-178
12,HLA-DRA,3.5300722,4.568062639972473e-161
12,SPIB,5.989204,3.759553478492292e-156
12,IRF8,4.0354424,2.685568947463122e-152
12,PTPRCAP,3.0631702,8.978201421433899e-152
12,TCF4,3.152917,7.040491587523822e-151
12,CD37,2.7504554,6.528675495360032e-140
12,EZR,2.4434452,6.528675495360032e-140
12,LTB,3.1523967,1.803434656018493e-138
12,PRKCB,2.874998,6.811280262491578e-134
12,CD83,3.242154,6.3855288578016954e-133
12,GPR183,3.6153247,3.7792488676351056e-132
12,ADAM19,2.8852165,1.290085382031084e-130
12,HLA-DQA1,2.5994253,1.3321450712989225e-129
12,HERPUD1,2.4816544,1.8350703417515704e-124
12,HLA-DQB1,2.4603324,5.6029428341339466e-124
12,RPS11,1.3444299,3.0181211866642624e-120
12,SELL,3.2129655,7.697612181313412e-114
12,FAM129C,6.489228,7.948974044007047e-114
12,REL,2.462982,9.50280987810337e-113
12,KIAA0226,2.889996,2.9465425262393314e-112
12,MS4A1,6.3963604,1.0954228006154184e-108
13,MALAT1,1.8342291,5.028680477254924e-144
13,RN7SK,4.001061,3.4286073277713733e-130
13,RNA45S5,5.1044855,5.3812377080252874e-102
13,ELF3,3.4826822,1.3514624579122083e-91
13,RNA18S5,2.290361,3.6605059106459427e-75
13,MIR6723,3.1412606,1.0293884537033516e-65
13,SOX4,2.2532232,1.941178721954376e-52
13,CLDN4,2.0991058,5.232132598903557e-51
13,TMC5,2.6626236,1.5856327212847532e-45
13,NEAT1,1.4026109,1.1870177799613181e-42
13,MTRNR2L2,3.6392906,6.947362851193279e-41
13,RNF213,1.6588217,1.3552770514056378e-39
13,KLF5,1.9579978,7.24420546265142e-39
13,JUN,1.8354903,2.2618193164016158e-38
13,NPIPB5,2.7315502,2.362410900818058e-38
13,MUC16,3.4289303,9.832453838523781e-34
13,MTRNR2L8,3.5635302,5.883153153489849e-32
13,KRT19,1.4520673,1.4190197661862966e-30
13,MUC1,1.6809716,2.1571606020832494e-30
13,NPIPB3,2.7205136,3.875543153999068e-30
13,MUC4,2.4163742,8.205553566746753e-29
13,CEACAM6,1.6903667,9.8206093928228e-28
13,MUC5B,3.562302,4.324341997530093e-26
13,SLC34A2,1.7155794,4.647868324898973e-25
13,NKX2-1,2.5681734,7.462925128374302e-24
14,CPA3,14.482936,0.0
14,TPSAB1,15.959991,0.0
14,TPSB2,15.160477,0.0
14,MS4A2,13.655409,0.0
14,KIT,8.45287,0.0
14,HPGDS,8.229798,0.0
14,GATA2,7.783643,1.2951719767161736e-301
14,C1orf186,7.29796,3.4585612416745594e-292
14,VWA5A,5.893958,5.514842570109721e-284
14,HDC,11.419585,7.985687445807927e-278
14,SLC18A2,7.9413395,2.8332275719143233e-276
14,IL1RL1,7.6562176,3.335033392301391e-274
14,LTC4S,5.5633836,1.6372278197664236e-262
14,CLU,4.7461944,2.0770743249483232e-254
14,CAPG,3.8640394,5.3298134958351885e-232
14,SIGLEC6,8.950377,4.449109232481449e-224
14,HPGD,5.401223,6.605486600593528e-222
14,ACSL4,4.3994074,1.490605373826387e-210
14,RGS13,7.4314594,5.36944346972893e-200
14,SIGLEC17P,8.878874,2.3259587490959436e-194
14,LMNA,3.6850824,7.167847344261183e-192
14,VIM,2.8909805,5.310783395465921e-188
14,RAC2,3.383417,5.147253525711565e-187
14,PTGS1,5.1420035,1.760249762298578e-184
14,ANXA1,3.340248,1.0567559187356668e-183
15,CAPS,9.416445,2.8824655260649795e-258
15,C20orf85,13.043442,1.0687161377119255e-257
15,TPPP3,9.111924,7.947706649538463e-257
15,C9orf24,11.9840355,1.1434511209516783e-256
15,FAM183A,11.173997,1.1434511209516783e-256
15,RSPH1,10.773996,1.146076444334784e-256
15,SNTN,12.364785,1.1800611918113131e-255
15,TSPAN1,8.291615,4.434097863640103e-255
15,TMEM190,12.967658,1.5420483357355934e-254
15,C1orf194,11.384741,2.0499244571098217e-254
15,MS4A8,11.505687,2.1924046372430615e-254
15,ZMYND10,11.509014,4.003453699147491e-253
15,PIFO,10.25637,2.5733004753776025e-250
15,DYNLRB2,9.735293,4.324847650629204e-249
15,LRRC46,10.153582,4.324847650629204e-249
15,C11orf88,12.458476,2.0073769014777306e-248
15,CAPSL,12.280786,2.0073769014777306e-248
15,CDHR3,9.304794,2.8593373258362575e-248
15,DNAH12,9.040927,3.094471993400497e-248
15,C5orf49,9.81692,9.072551230563371e-248
15,RSPH9,9.672654,1.8997001417789627e-247
15,CCDC78,10.017962,2.2185944905673595e-246
15,LDLRAD1,11.014686,1.006141687039511e-245
15,ERICH3,10.552734,1.675913818826268e-245
15,MORN2,6.699735,1.6372352369343798e-244
16,NOTCH3,6.55262,6.155962291755171e-194
16,IGFBP7,6.7806726,6.180254734336018e-193
16,CALD1,5.543177,7.183638893744988e-187
16,PDGFRB,6.1202555,3.0916755572813814e-180
16,RGS5,9.003888,1.5524659131067826e-176
16,LHFP,6.193506,4.1261339371478814e-176
16,NDUFA4L2,7.2490473,1.723739827608592e-175
16,SPARC,6.324824,2.5263238861512375e-173
16,COL4A2,5.545441,2.564229376249268e-162
16,BGN,5.4579563,1.7305820142003134e-158
16,MYL9,4.1527376,3.249578936053104e-153
16,SPARCL1,5.2090178,1.901270616328532e-152
16,A2M,4.6677613,1.823421831587832e-151
16,COL4A1,5.968831,2.9683081659506856e-148
16,TPM2,4.941393,1.1675612558943285e-140
16,MFGE8,4.255622,1.2847797405648785e-138
16,NR2F2,4.271284,1.3993428291137138e-138
16,COX4I2,8.544058,2.679661041749885e-138
16,MCAM,5.614364,9.548835162076345e-138
16,COL1A2,4.900147,1.9442619322335935e-137
16,HIGD1B,9.249314,5.41240025543225e-137
16,SERPING1,4.080715,2.772267607255941e-128
16,COL18A1,5.0262985,3.5376587373805766e-128
16,COL6A2,4.0628667,8.453130895655568e-127
16,GJC1,6.7868824,1.2116579250783547e-126
17,PMEL,11.436,4.022314497706633e-158
17,TYR,10.642137,4.022314497706633e-158
17,TYRP1,10.734548,4.022314497706633e-158
17,MLANA,10.779298,1.1683151764649206e-155
17,DCT,10.7629595,4.050096439647483e-153
17,PLP1,8.22335,3.319269359047126e-138
17,QPCT,6.826632,5.95176321742052e-133
17,CAPN3,7.271792,2.9869015374131197e-130
17,GPM6B,5.6870093,3.6681768229885205e-129
17,NSG1,7.0835657,8.105767059222537e-125
17,SNCA,6.3845263,4.391249431403889e-124
17,TRPM1,9.4099865,6.49881718723232e-123
17,BCAN,9.085008,2.7910860287729824e-122
17,MITF,5.092035,1.711699895133348e-115
17,MFSD12,4.950947,1.9636746279278025e-114
17,GPR143,7.102083,1.1050125380364261e-113
17,SLC24A5,9.720843,3.9530176589150683e-112
17,RAB38,5.456998,5.916746682307803e-100
17,EDNRB,5.242777,2.337436268561305e-97
17,CDH3,4.696649,7.934367620776054e-97
17,RAB32,3.8294575,9.24899746406878e-92
17,GPNMB,3.60529,1.5812715767546515e-91
17,SYNGR1,5.1493344,3.5014507166950855e-91
17,QDPR,3.7997508,1.2611727394712453e-88
17,HMG20B,3.6265094,8.420401897009133e-88
18,EMP2,6.958918,1.4157515292089202e-145
18,AGER,11.055558,2.4304345745387704e-142
18,CAV1,6.8977995,5.61180608893259e-137
18,CYP4B1,7.744743,1.3130180875755438e-131
18,LMO7,5.323451,9.835153890121891e-130
18,HOPX,5.8179464,1.4237497952460948e-128
18,CLDN18,8.077702,1.8250831980234237e-120
18,ADIRF,4.7803073,8.898183734913899e-120
18,FOLR1,5.851911,3.631274311507034e-119
18,CAV2,4.6590967,5.977488396201894e-114
18,AQP4,6.677652,6.762678183366694e-111
18,CLIC3,5.307174,1.8212941830530575e-109
18,SFTA2,4.4406834,7.311674748439934e-108
18,GPRC5A,5.085474,9.865335783436638e-108
18,SUSD2,6.13282,1.1293514888653893e-107
18,LIMCH1,4.5776544,1.0778265856504199e-104
18,KRT7,5.048598,6.748944557529058e-103
18,CLIC5,5.9219627,9.78080762529051e-101
18,TSPAN13,4.168616,3.1979899044841656e-99
18,KRT19,4.728272,6.11846439322435e-98
18,MYL9,3.974523,1.5110918757686856e-97
18,TNNC1,7.5876985,3.105491228525027e-97
18,ANXA3,5.4060316,2.1055828065316753e-96
18,CD55,3.5702894,1.4237260953728126e-92
18,UPK3B,8.685193,6.900633762954453e-92
19,TAGLN,8.0300255,3.7569836742693475e-135
19,TPM2,6.564797,7.773682720909364e-129
19,ACTA2,8.397289,1.9479947082191898e-128
19,CALD1,5.245412,1.1231334840277668e-118
19,MYL9,5.418311,1.7048738639584001e-118
19,MYLK,6.0019326,2.085442501405494e-114
19,MYH11,7.759489,1.582982691979777e-112
19,SPARCL1,5.674105,1.8963549488455398e-104
19,DSTN,3.8497958,2.6621326040002624e-103
19,IGFBP7,5.378351,4.8137544207815024e-101
19,SELM,3.6394095,2.229282541678995e-98
19,LMOD1,6.904471,5.188501234588301e-97
19,A2M,4.5407367,1.991263498157351e-93
19,BGN,4.9143243,6.028148920338513e-93
19,MFAP4,5.93701,2.3512355138337487e-85
19,C11orf96,4.823566,1.3000564710408729e-83
19,SYNPO2,6.105184,3.1034519524823808e-83
19,CSRP1,4.207257,3.917427786008874e-82
19,TPM1,4.224663,1.855837116709333e-80
19,SOD3,4.8167357,1.4954927849841215e-78
19,MGP,4.210302,1.2656233183184329e-76
19,IGFBP5,4.4767647,2.976205038574408e-76
19,TIMP3,3.7520287,1.0180311412477045e-75
19,LPP,3.3736942,1.2335154013341536e-75
19,SERPING1,3.5906892,1.734078904654003e-75
20,FTL,3.1225624,2.3957400269968624e-72
20,TYROBP,3.686955,9.913562401556568e-66
20,C1QA,4.3904977,2.513208066365563e-61
20,C1QB,4.4904866,3.6391880258328743e-60
20,FCER1G,3.3834417,9.123625999522479e-56
20,AIF1,3.1326592,1.127566706802775e-53
20,LYZ,3.3743126,1.1635533661125919e-51
20,C1QC,3.548823,8.128053095287927e-51
20,HLA-DRA,3.2110705,4.2846833770882286e-46
20,APOE,4.4351287,1.4669328110997627e-43
20,IFI30,3.262575,3.133812236630416e-43
20,CTSB,2.6269572,2.5648900341279437e-42
20,HLA-DRB1,2.684525,2.967125738106152e-39
20,CD68,2.8853009,5.8543121059745383e-39
20,CST3,2.3447893,1.7577127168590058e-37
20,CD74,2.4423947,6.035194853117183e-36
20,FTH1,1.5740063,6.035194853117183e-36
20,APOC1,3.5280373,1.3628910473990675e-35
20,HLA-DPA1,2.5058413,5.502770742954178e-34
20,MS4A6A,2.6390457,2.14077564534924e-33
20,HLA-DRB5,2.3578475,5.977104706330522e-32
20,MSR1,2.7929094,1.1543557148073347e-31
20,GPX1,1.9299111,1.580059952323462e-31
20,HLA-DPB1,2.2838206,3.1226687103688853e-31
20,CD14,2.935812,3.1226687103688853e-31
21,STMN1,4.5821037,1.1341141650715039e-88
21,HMGN2,2.8804038,2.805999474721715e-86
21,HMGB2,4.0977974,3.4006523552955085e-85
21,HMGB1,2.3522332,1.6304749450638125e-78
21,CORO1A,3.9392219,2.5566596606491494e-74
21,H2AFZ,2.572028,2.5566596606491494e-74
21,MKI67,5.561444,8.344671100252336e-74
21,TUBB,3.3042355,5.49778277018606e-73
21,KIAA0101,5.133933,9.889907477999423e-73
21,ANP32E,3.1188536,8.180684300557255e-72
21,CLSPN,5.2637057,3.2956236299286723e-70
21,RAN,2.4696574,5.417222495434007e-69
21,ANP32B,2.5399063,8.621893207736241e-69
21,TUBA1B,2.9017878,1.0729610146649394e-67
21,NUSAP1,4.545881,1.0729610146649394e-67
21,RRM2,6.7847505,1.0911780453833306e-66
21,H2AFV,2.4169397,8.65668419166475e-66
21,PFN1,2.024926,3.301461339453674e-65
21,RANBP1,2.5272632,9.698474316320947e-65
21,PTTG1,3.5081034,1.4681115157266907e-64
21,TYMS,5.3294334,1.7432075175355658e-64
21,ASF1B,5.445039,1.0115509360116816e-63
21,SNRPB,2.3509297,1.2651272559502335e-63
21,MCM7,4.371361,7.218162021612198e-63
21,ZWINT,5.369763,8.137391768855018e-63
22,LRIG3,6.934016,2.4214669462475698e-82
22,APP,5.8196173,3.84192060077766e-82
22,MUC5B,8.953313,1.1842204673897316e-81
22,CEACAM6,7.2930865,4.1150263809963705e-81
22,AGR2,6.475203,8.666764916018988e-80
22,OS9,5.223855,9.054225356373138e-80
22,CXADR,5.343039,2.363100950250158e-75
22,PIGR,5.6057863,1.0437850592419399e-74
22,CP,5.0160108,7.043576825784065e-73
22,APLP2,3.6779008,2.37616766588511e-72
22,TMBIM4,4.03592,5.78247770205586e-72
22,CDK4,4.720626,1.7548419190650545e-71
22,TSPAN31,5.134664,1.7548419190650545e-71
22,CCT2,4.2192087,3.686662422335033e-70
22,TNC,5.9777503,1.2483809896149298e-69
22,SPINT1,4.361211,6.795545609172059e-69
22,PTN,5.0429378,6.918007805180294e-68
22,MGST1,4.406086,2.1983897616743103e-67
22,SERPINA1,5.2209353,2.991019580915645e-67
22,EPCAM,4.6237617,3.8453453432216646e-67
22,MARCH9,5.174992,1.4934633729845878e-65
22,TSPAN13,3.9062123,3.1895979871459105e-65
22,PCSK1N,5.653395,1.2567568637752766e-64
22,LDHB,3.7450309,4.0754186677626174e-64
22,ERP27,5.7833724,8.786009004977574e-64
23,ALB,13.8894,4.854347665663508e-50
23,HP,10.545126,1.5495236891210757e-49
23,FGB,12.763373,4.490675189934518e-48
23,APOA1,12.163261,4.490675189934518e-48
23,APOC3,12.766449,4.386513045732497e-47
23,APOA2,13.116309,4.386513045732497e-47
23,SERPINA1,7.057919,1.9556594741522383e-46
23,FABP1,13.193143,5.3002979653712434e-46
23,FGG,9.835664,3.3381669086090983e-45
23,APOH,10.433773,1.4287442232982592e-44
23,AMBP,10.87157,1.5522950659022288e-44
23,ORM1,9.651915,1.575406214463453e-44
23,TTR,12.608087,9.051824105235128e-44
23,ALDOB,12.498505,1.5134030827364244e-42
23,RBP4,9.732103,3.8272847189343116e-42
23,GSTA1,8.300365,1.1938650301860403e-41
23,HRG,12.852377,1.636523502324981e-41
23,AGXT,14.475073,1.9184041629819133e-40
23,VTN,9.627557,7.749255764328275e-40
23,ADH1B,7.799416,1.9229326993748484e-39
23,ADH1A,14.344883,2.479717896290509e-39
23,HPD,10.517251,5.160710131365612e-39
23,PEBP1,4.2389607,1.7267092991484992e-38
23,MT1G,6.223337,6.148563145668233e-38
23,ADH1C,7.5458884,1.2240647593819642e-37
24,KRT8,6.2697673,2.09275627687433e-37
24,KRT18,5.7884326,6.554952261841107e-36
24,CLDN1,5.204258,3.40144051086465e-32
24,VTN,10.104735,3.454629839853989e-32
24,ANXA4,5.446154,5.0680604514870756e-30
24,SLC12A2,4.6428103,5.0680604514870756e-30
24,TM4SF4,9.316762,4.289754652895696e-28
24,BICC1,5.5233026,4.82063673294559e-28
24,FXYD2,8.031982,4.82063673294559e-28
24,TNFRSF12A,3.7671292,1.7969611323710577e-27
24,DEFB1,5.96561,1.7969611323710577e-27
24,PARD6B,4.306406,3.573286187599522e-27
24,AGT,7.671683,1.1282834622866437e-26
24,RBP4,7.0461345,1.6726187224156606e-26
24,AMBP,9.914968,2.8276874423676345e-26
24,CLU,4.8329964,3.80092669697722e-26
24,ALB,8.369159,5.066146210988938e-26
24,CLDN10,7.178566,9.486717554698144e-26
24,AQP1,4.757794,2.338098810944594e-25
24,CXADR,3.6910043,2.633005198878999e-25
24,GC,9.8304615,1.4189406187892762e-24
24,SERPINA5,8.386991,1.967131245633667e-24
24,CA2,5.7311816,2.8280437717655147e-24
24,DSP,3.6385734,3.0170002419876003e-24
24,CFTR,7.135334,8.620418822727998e-24
25,VGLL1,5.8104525,4.2241943431475e-13
25,PTGES,5.463997,4.2241943431475e-13
25,RHOV,5.04864,4.2241943431475e-13
25,MUC20,6.1211634,4.2241943431475e-13
25,CD24,5.900441,4.2241943431475e-13
25,SPINT2,4.8203673,4.2241943431475e-13
25,TJP3,4.5656304,4.2241943431475e-13
25,ADGRF1,4.7924933,4.2241943431475e-13
25,GOLM1,5.081358,4.2241943431475e-13
25,GALNT12,5.1817675,4.2241943431475e-13
25,MAL2,4.5986967,4.2241943431475e-13
25,TFPI2,4.745951,4.2241943431475e-13
25,C4orf19,4.5680346,4.604423560245398e-13
25,ERO1A,5.2170496,4.604423560245398e-13
25,MSLN,5.908029,4.604423560245398e-13
25,CHP1,3.852724,4.604423560245398e-13
25,BACE2,5.2045383,4.604423560245398e-13
25,ST14,4.9370227,4.604423560245398e-13
25,S100P,5.731041,4.604423560245398e-13
25,PLA2G16,4.8784127,4.604423560245398e-13
25,CAPN5,4.3066573,4.604423560245398e-13
25,KRT7,6.174189,4.604423560245398e-13
25,GPRC5A,5.5795097,4.612569212276899e-13
25,CTTN,4.6152043,5.155513621424393e-13
25,MIR614,4.5950246,5.205320096013695e-13
